timestamp,value
1746748800,13778.0
1746748860,13778.0
1746748920,13778.0
1746748980,13778.0
1746749040,13778.0
1746749100,13778.0
1746749160,13778.0
1746749220,13778.0
1746749280,13778.0
1746749340,13778.0
1746749400,13778.0
1746749460,13778.0
1746749520,13778.0
1746749580,13778.0
1746749640,13778.0
1746749700,13778.0
1746749760,13778.0
1746749820,13778.0
1746749880,13778.0
1746749940,13778.0
1746750000,13778.0
1746750060,13778.0
1746750120,13778.0
1746750180,13778.0
1746750240,13778.0
1746750300,13778.0
1746750360,13778.0
1746750420,13778.0
1746750480,13778.0
1746750540,13778.0
1746750600,13778.0
1746750660,13778.0
1746750720,13778.0
1746750780,13778.0
1746750840,13778.0
1746750900,13778.0
1746750960,13778.0
1746751020,13778.0
1746751080,13778.0
1746751140,13778.0
1746751200,13778.0
1746751260,13778.0
1746751320,13778.0
1746751380,13778.0
1746751440,13778.0
1746751500,13778.0
1746751560,13778.0
1746751620,13778.0
1746751680,13778.0
1746751740,13778.0
1746751800,13778.0
1746751860,13778.0
1746751920,13778.0
1746751980,13778.0
1746752040,13778.0
1746752100,13778.0
1746752160,13778.0
1746752220,13778.0
1746752280,13778.0
1746752340,13778.0
1746752400,13778.0
1746752460,13778.0
1746752520,13778.0
1746752580,13778.0
1746752640,13778.0
1746752700,13778.0
1746752760,13778.0
1746752820,13778.0
1746752880,13778.0
1746752940,13778.0
1746753000,13778.0
1746753060,13778.0
1746753120,13778.0
1746753180,13778.0
1746753240,13778.0
1746753300,13778.0
1746753360,13778.0
1746753420,13778.0
1746753480,13778.0
1746753540,13778.0
1746753600,13778.0
1746753660,13778.0
1746753720,13778.0
1746753780,13778.0
1746753840,13778.0
1746753900,13778.0
1746753960,13778.0
1746754020,13778.0
1746754080,13778.0
1746754140,13778.0
1746754200,13778.0
1746754260,13778.0
1746754320,13778.0
1746754380,13778.0
1746754440,13778.0
1746754500,13778.0
1746754560,13778.0
1746754620,13778.0
1746754680,13778.0
1746754740,13778.0
1746754800,13778.0
1746754860,13778.0
1746754920,13778.0
1746754980,13778.0
1746755040,13778.0
1746755100,13778.0
1746755160,13778.0
1746755220,13778.0
1746755280,13778.0
1746755340,13778.0
1746755400,13778.0
1746755460,13778.0
1746755520,13778.0
1746755580,13778.0
1746755640,13778.0
1746755700,13778.0
1746755760,13778.0
1746755820,13778.0
1746755880,13778.0
1746755940,13778.0
1746756000,13778.0
1746756060,13778.0
1746756120,13778.0
1746756180,13778.0
1746756240,13778.0
1746756300,13778.0
1746756360,13778.0
1746756420,13778.0
1746756480,13778.0
1746756540,13778.0
1746756600,13778.0
1746756660,13778.0
1746756720,13778.0
1746756780,13778.0
1746756840,13778.0
1746756900,13778.0
1746756960,13778.0
1746757020,13778.0
1746757080,13778.0
1746757140,13778.0
1746757200,13778.0
1746757260,13778.0
1746757320,13778.0
1746757380,13778.0
1746757440,13778.0
1746757500,13778.0
1746757560,13778.0
1746757620,13778.0
1746757680,13778.0
1746757740,13778.0
1746757800,13778.0
1746757860,13778.0
1746757920,13778.0
1746757980,13778.0
1746758040,13778.0
1746758100,13778.0
1746758160,13778.0
1746758220,13778.0
1746758280,13778.0
1746758340,13778.0
1746758400,13778.0
1746758460,13778.0
1746758520,13778.0
1746758580,13778.0
1746758640,13778.0
1746758700,13778.0
1746758760,13778.0
1746758820,13778.0
1746758880,13778.0
1746758940,13778.0
1746759000,13778.0
1746759060,13778.0
1746759120,13778.0
1746759180,13778.0
1746759240,13778.0
1746759300,13778.0
1746759360,13778.0
1746759420,13778.0
1746759480,13778.0
1746759540,13778.0
1746759600,13778.0
1746759660,13778.0
1746759720,13778.0
1746759780,13778.0
1746759840,13778.0
1746759900,13778.0
1746759960,13778.0
1746760020,13778.0
1746760080,13778.0
1746760140,13778.0
1746760200,13778.0
1746760260,13778.0
1746760320,13778.0
1746760380,13778.0
1746760440,13778.0
1746760500,13778.0
1746760560,13778.0
1746760620,13778.0
1746760680,13778.0
1746760740,13778.0
1746760800,13778.0
1746760860,13778.0
1746760920,13778.0
1746760980,13778.0
1746761040,13778.0
1746761100,13778.0
1746761160,13778.0
1746761220,13778.0
1746761280,13778.0
1746761340,13778.0
1746761400,13778.0
1746761460,13778.0
1746761520,13778.0
1746761580,13778.0
1746761640,13778.0
1746761700,13778.0
1746761760,13778.0
1746761820,13778.0
1746761880,13778.0
1746761940,13778.0
1746762000,13778.0
1746762060,13778.0
1746762120,13778.0
1746762180,13778.0
1746762240,13778.0
1746762300,13778.0
1746762360,13778.0
1746762420,13778.0
1746762480,13778.0
1746762540,13778.0
1746762600,13778.0
1746762660,13778.0
1746762720,13778.0
1746762780,13778.0
1746762840,13778.0
1746762900,13778.0
1746762960,13778.0
1746763020,13778.0
1746763080,13778.0
1746763140,13778.0
1746763200,13778.0
1746763260,13778.0
1746763320,13778.0
1746763380,13778.0
1746763440,13778.0
1746763500,13778.0
1746763560,13778.0
1746763620,13778.0
1746763680,13778.0
1746763740,13778.0
1746763800,13778.0
1746763860,13778.0
1746763920,13778.0
1746763980,13778.0
1746764040,13778.0
1746764100,13778.0
1746764160,13778.0
1746764220,13778.0
1746764280,13778.0
1746764340,13778.0
1746764400,13778.0
1746764460,13778.0
1746764520,13778.0
1746764580,13778.0
1746764640,13778.0
1746764700,13778.0
1746764760,13778.0
1746764820,13778.0
1746764880,13778.0
1746764940,13778.0
1746765000,13778.0
1746765060,13778.0
1746765120,13778.0
1746765180,13778.0
1746765240,13778.0
1746765300,13778.0
1746765360,13778.0
1746765420,13778.0
1746765480,13778.0
1746765540,13778.0
1746765600,13778.0
1746765660,13778.0
1746765720,13778.0
1746765780,13778.0
1746765840,13778.0
1746765900,13778.0
1746765960,13778.0
1746766020,13778.0
1746766080,13778.0
1746766140,13778.0
1746766200,13778.0
1746766260,13778.0
1746766320,13778.0
1746766380,13778.0
1746766440,13778.0
1746766500,13778.0
1746766560,13778.0
1746766620,13778.0
1746766680,13778.0
1746766740,13778.0
1746766800,13778.0
1746766860,13778.0
1746766920,13778.0
1746766980,13778.0
1746767040,13778.0
1746767100,13778.0
1746767160,13778.0
1746767220,13778.0
1746767280,13778.0
1746767340,13778.0
1746767400,13778.0
1746767460,13778.0
1746767520,13778.0
1746767580,13778.0
1746767640,13778.0
1746767700,13778.0
1746767760,13778.0
1746767820,13778.0
1746767880,13778.0
1746767940,13778.0
1746768000,13778.0
1746768060,13778.0
1746768120,13778.0
1746768180,13778.0
1746768240,13778.0
1746768300,13778.0
1746768360,13778.0
1746768420,13778.0
1746768480,13778.0
1746768540,13778.0
1746768600,13778.0
1746768660,13778.0
1746768720,13778.0
1746768780,13778.0
1746768840,13778.0
1746768900,13778.0
1746768960,13778.0
1746769020,13778.0
1746769080,13778.0
1746769140,13778.0
1746769200,13778.0
1746769260,13778.0
1746769320,13778.0
1746769380,13778.0
1746769440,13778.0
1746769500,13778.0
1746769560,13778.0
1746769620,13778.0
1746769680,13778.0
1746769740,13778.0
1746769800,13778.0
1746769860,13778.0
1746769920,13778.0
1746769980,13778.0
1746770040,13778.0
1746770100,13778.0
1746770160,13778.0
1746770220,13778.0
1746770280,13778.0
1746770340,13778.0
1746770400,13778.0
1746770460,13778.0
1746770520,13778.0
1746770580,13778.0
1746770640,13778.0
1746770700,13778.0
1746770760,13778.0
1746770820,13778.0
1746770880,13778.0
1746770940,13778.0
1746771000,13778.0
1746771060,13778.0
1746771120,13778.0
1746771180,13778.0
1746771240,13778.0
1746771300,13778.0
1746771360,13778.0
1746771420,13778.0
1746771480,13778.0
1746771540,13778.0
1746771600,13778.0
1746771660,13778.0
1746771720,13778.0
1746771780,13778.0
1746771840,13778.0
1746771900,13778.0
1746771960,13778.0
1746772020,13778.0
1746772080,13778.0
1746772140,13778.0
1746772200,13778.0
1746772260,13778.0
1746772320,13778.0
1746772380,13778.0
1746772440,13778.0
1746772500,13778.0
1746772560,13778.0
1746772620,13778.0
1746772680,13778.0
1746772740,13778.0
1746772800,13778.0
1746772860,13778.0
1746772920,13778.0
1746772980,13778.0
1746773040,13778.0
1746773100,13778.0
1746773160,13778.0
1746773220,13778.0
1746773280,13778.0
1746773340,13778.0
1746773400,13778.0
1746773460,13778.0
1746773520,13778.0
1746773580,13778.0
1746773640,13778.0
1746773700,13778.0
1746773760,13778.0
1746773820,13778.0
1746773880,13778.0
1746773940,13778.0
1746774000,133822.0
1746774060,265278.0
1746774120,200064.0
1746774180,204398.0
1746774240,202897.0
1746774300,220117.0
1746774360,191232.0
1746774420,211116.0
1746774480,182673.0
1746774540,217314.0
1746774600,178459.0
1746774660,204636.0
1746774720,171231.0
1746774780,188458.0
1746774840,167902.0
1746774900,207587.0
1746774960,163763.0
1746775020,283813.0
1746775080,177860.0
1746775140,164515.0
1746775200,166756.0
1746775260,201452.0
1746775320,188124.0
1746775380,207851.0
1746775440,216301.0
1746775500,169717.0
1746775560,193634.0
1746775620,201566.0
1746775680,176845.0
1746775740,209832.0
1746775800,223247.0
1746775860,195850.0
1746775920,214463.0
1746775980,195309.0
1746776040,302835.0
1746776100,298309.0
1746776160,194564.0
1746776220,232168.0
1746776280,184363.0
1746776340,226497.0
1746776400,207918.0
1746776460,151753.0
1746776520,214066.0
1746776580,205334.0
1746776640,211351.0
1746776700,211327.0
1746776760,215080.0
1746776820,274488.0
1746776880,241518.0
1746776940,174903.0
1746777000,221203.0
1746777060,204032.0
1746777120,190226.0
1746777180,177550.0
1746777240,192425.0
1746777300,202003.0
1746777360,204114.0
1746777420,97384.0
1746777480,297732.0
1746777540,129617.0
1746777600,206488.0
1746777660,237235.0
1746777720,206572.0
1746777780,189084.0
1746777840,211543.0
1746777900,190792.0
1746777960,224973.0
1746778020,209810.0
1746778080,201851.0
1746778140,217029.0
1746778200,216683.0
1746778260,195653.0
1746778320,182760.0
1746778380,228172.0
1746778440,202222.0
1746778500,205098.0
1746778560,133688.0
1746778620,195873.0
1746778680,210255.0
1746778740,197181.0
1746778800,210239.0
1746778860,391440.0
1746778920,114486.0
1746778980,114486.0
1746779040,189532.0
1746779100,251730.0
1746779160,227851.0
1746779220,210727.0
1746779280,136434.0
1746779340,215584.0
1746779400,190883.0
1746779460,221774.0
1746779520,165543.0
1746779580,206743.0
1746779640,176172.0
1746779700,211505.0
1746779760,209627.0
1746779820,199395.0
1746779880,228479.0
1746779940,211547.0
1746780000,245109.0
1746780060,160322.0
1746780120,205558.0
1746780180,194717.0
1746780240,206446.0
1746780300,218489.0
1746780360,223933.0
1746780420,194064.0
1746780480,209154.0
1746780540,187078.0
1746780600,197428.0
1746780660,175767.0
1746780720,174515.0
1746780780,163095.0
1746780840,167580.0
1746780900,201024.0
1746780960,219085.0
1746781020,210148.0
1746781080,173998.0
1746781140,235212.0
1746781200,211882.0
1746781260,167179.0
1746781320,176484.0
1746781380,190200.0
1746781440,209206.0
1746781500,192176.0
1746781560,200927.0
1746781620,219923.0
1746781680,216777.0
1746781740,196267.0
1746781800,83663.0
1746781860,95290.0
1746781920,82187.0
1746781980,96745.0
1746782040,109797.0
1746782100,75077.0
1746782160,131171.0
1746782220,93180.0
1746782280,95068.0
1746782340,71076.0
1746782400,76628.0
1746782460,67471.0
1746782520,61094.0
1746782580,111589.0
1746782640,95964.0
1746782700,105188.0
1746782760,108782.0
1746782820,103379.0
1746782880,106617.0
1746782940,57422.0
1746783000,105086.0
1746783060,65405.0
1746783120,183695.0
1746783180,191884.0
1746783240,286789.0
1746783300,179371.0
1746783360,176426.0
1746783420,210173.0
1746783480,203803.0
1746783540,202974.0
1746783600,196256.0
1746783660,212392.0
1746783720,191210.0
1746783780,207715.0
1746783840,176047.0
1746783900,168157.0
1746783960,217988.0
1746784020,227036.0
1746784080,214371.0
1746784140,236573.0
1746784200,209869.0
1746784260,209370.0
1746784320,199671.0
1746784380,199724.0
1746784440,221290.0
1746784500,262665.0
1746784560,264896.0
1746784620,193613.0
1746784680,211901.0
1746784740,224169.0
1746784800,208103.0
1746784860,218064.0
1746784920,178083.0
1746784980,201422.0
1746785040,214660.0
1746785100,309541.0
1746785160,166943.0
1746785220,208861.0
1746785280,198090.0
1746785340,190978.0
1746785400,189202.0
1746785460,200136.0
1746785520,170745.0
1746785580,204351.0
1746785640,170989.0
1746785700,209220.0
1746785760,187394.0
1746785820,145120.0
1746785880,207763.0
1746785940,199664.0
1746786000,179008.0
1746786060,161828.0
1746786120,196642.0
1746786180,181962.0
1746786240,146841.0
1746786300,180543.0
1746786360,172335.0
1746786420,217915.0
1746786480,168257.0
1746786540,208398.0
1746786600,213679.0
1746786660,198359.0
1746786720,139986.0
1746786780,215767.0
1746786840,307931.0
1746786900,184017.0
1746786960,134689.0
1746787020,208005.0
1746787080,163512.0
1746787140,212527.0
1746787200,396014.0
1746787260,220340.0
1746787320,306575.0
1746787380,207142.0
1746787440,205518.0
1746787500,262152.0
1746787560,210583.0
1746787620,194852.0
1746787680,196301.0
1746787740,197542.0
1746787800,192107.0
1746787860,203722.0
1746787920,206594.0
1746787980,250199.0
1746788040,178461.0
1746788100,204475.0
1746788160,189775.0
1746788220,177342.0
1746788280,216088.0
1746788340,203624.0
1746788400,226937.0
1746788460,203477.0
1746788520,185719.0
1746788580,218522.0
1746788640,188005.0
1746788700,210362.0
1746788760,210510.0
1746788820,215887.0
1746788880,200045.0
1746788940,211861.0
1746789000,287273.0
1746789060,186243.0
1746789120,197537.0
1746789180,214099.0
1746789240,207623.0
1746789300,208652.0
1746789360,220060.0
1746789420,213536.0
1746789480,324570.0
1746789540,212436.0
1746789600,179276.0
1746789660,218854.0
1746789720,191942.0
1746789780,173092.0
1746789840,191890.0
1746789900,206617.0
1746789960,194412.0
1746790020,226306.0
1746790080,217817.0
1746790140,211811.0
1746790200,224448.0
1746790260,191585.0
1746790320,193070.0
1746790380,192775.0
1746790440,207065.0
1746790500,213778.0
1746790560,178206.0
1746790620,198247.0
1746790680,210915.0
1746790740,216731.0
1746790800,205433.0
1746790860,208811.0
1746790920,198240.0
1746790980,213149.0
1746791040,187072.0
1746791100,154231.0
1746791160,182432.0
1746791220,266454.0
1746791280,190451.0
1746791340,201768.0
1746791400,353882.0
1746791460,196704.0
1746791520,187052.0
1746791580,353523.0
1746791640,211407.0
1746791700,207245.0
1746791760,200664.0
1746791820,211297.0
1746791880,326058.0
1746791940,213139.0
1746792000,206635.0
1746792060,205049.0
1746792120,182367.0
1746792180,182367.0
1746792240,182367.0
1746792300,182367.0
1746792360,182367.0
1746792420,182367.0
1746792480,182367.0
1746792540,182367.0
1746792600,182367.0
1746792660,182367.0
1746792720,182367.0
1746792780,182367.0
1746792840,182367.0
1746792900,182367.0
1746792960,182367.0
1746793020,182367.0
1746793080,182367.0
1746793140,182367.0
1746793200,182367.0
1746793260,182367.0
1746793320,182367.0
1746793380,182367.0
1746793440,182367.0
1746793500,182367.0
1746793560,182367.0
1746793620,182367.0
1746793680,182367.0
1746793740,182367.0
1746793800,182367.0
1746793860,182367.0
1746793920,182367.0
1746793980,182367.0
1746794040,182367.0
1746794100,182367.0
1746794160,182367.0
1746794220,182367.0
1746794280,182367.0
1746794340,182367.0
1746794400,182367.0
1746794460,182367.0
1746794520,182367.0
1746794580,182367.0
1746794640,182367.0
1746794700,182367.0
1746794760,182367.0
1746794820,182367.0
1746794880,182367.0
1746794940,182367.0
1746795000,182367.0
1746795060,182367.0
1746795120,182367.0
1746795180,182367.0
1746795240,182367.0
1746795300,182367.0
1746795360,182367.0
1746795420,182367.0
1746795480,182367.0
1746795540,182367.0
1746795600,182367.0
1746795660,182367.0
1746795720,182367.0
1746795780,182367.0
1746795840,182367.0
1746795900,182367.0
1746795960,182367.0
1746796020,182367.0
1746796080,182367.0
1746796140,182367.0
1746796200,182367.0
1746796260,182367.0
1746796320,182367.0
1746796380,182367.0
1746796440,182367.0
1746796500,182367.0
1746796560,182367.0
1746796620,182367.0
1746796680,182367.0
1746796740,182367.0
1746796800,182367.0
1746796860,182367.0
1746796920,182367.0
1746796980,182367.0
1746797040,182367.0
1746797100,182367.0
1746797160,182367.0
1746797220,182367.0
1746797280,182367.0
1746797340,182367.0
1746797400,182367.0
1746797460,182367.0
1746797520,182367.0
1746797580,182367.0
1746797640,182367.0
1746797700,182367.0
1746797760,182367.0
1746797820,182367.0
1746797880,182367.0
1746797940,182367.0
1746798000,182367.0
1746798060,182367.0
1746798120,182367.0
1746798180,182367.0
1746798240,182367.0
1746798300,182367.0
1746798360,182367.0
1746798420,182367.0
1746798480,182367.0
1746798540,182367.0
1746798600,182367.0
1746798660,182367.0
1746798720,182367.0
1746798780,182367.0
1746798840,182367.0
1746798900,182367.0
1746798960,182367.0
1746799020,182367.0
1746799080,182367.0
1746799140,182367.0
1746799200,182367.0
1746799260,182367.0
1746799320,182367.0
1746799380,182367.0
1746799440,182367.0
1746799500,182367.0
1746799560,182367.0
1746799620,182367.0
1746799680,182367.0
1746799740,182367.0
1746799800,182367.0
1746799860,182367.0
1746799920,182367.0
1746799980,182367.0
1746800040,182367.0
1746800100,182367.0
1746800160,182367.0
1746800220,182367.0
1746800280,182367.0
1746800340,182367.0
1746800400,182367.0
1746800460,182367.0
1746800520,182367.0
1746800580,182367.0
1746800640,182367.0
1746800700,182367.0
1746800760,182367.0
1746800820,182367.0
1746800880,182367.0
1746800940,182367.0
1746801000,182367.0
1746801060,182367.0
1746801120,182367.0
1746801180,182367.0
1746801240,182367.0
1746801300,182367.0
1746801360,182367.0
1746801420,182367.0
1746801480,182367.0
1746801540,182367.0
1746801600,182367.0
1746801660,182367.0
1746801720,182367.0
1746801780,182367.0
1746801840,182367.0
1746801900,182367.0
1746801960,182367.0
1746802020,182367.0
1746802080,182367.0
1746802140,182367.0
1746802200,182367.0
1746802260,182367.0
1746802320,182367.0
1746802380,182367.0
1746802440,182367.0
1746802500,182367.0
1746802560,182367.0
1746802620,182367.0
1746802680,182367.0
1746802740,182367.0
1746802800,182367.0
1746802860,182367.0
1746802920,182367.0
1746802980,182367.0
1746803040,182367.0
1746803100,182367.0
1746803160,182367.0
1746803220,182367.0
1746803280,182367.0
1746803340,182367.0
1746803400,182367.0
1746803460,182367.0
1746803520,182367.0
1746803580,182367.0
1746803640,182367.0
1746803700,182367.0
1746803760,182367.0
1746803820,182367.0
1746803880,182367.0
1746803940,182367.0
1746804000,182367.0
1746804060,182367.0
1746804120,182367.0
1746804180,182367.0
1746804240,182367.0
1746804300,182367.0
1746804360,182367.0
1746804420,182367.0
1746804480,182367.0
1746804540,182367.0
1746804600,182367.0
1746804660,182367.0
1746804720,182367.0
1746804780,182367.0
1746804840,182367.0
1746804900,182367.0
1746804960,182367.0
1746805020,182367.0
1746805080,182367.0
1746805140,182367.0
1746805200,182367.0
1746805260,182367.0
1746805320,182367.0
1746805380,182367.0
1746805440,182367.0
1746805500,182367.0
1746805560,182367.0
1746805620,182367.0
1746805680,182367.0
1746805740,182367.0
1746805800,182367.0
1746805860,182367.0
1746805920,182367.0
1746805980,182367.0
1746806040,182367.0
1746806100,182367.0
1746806160,182367.0
1746806220,182367.0
1746806280,182367.0
1746806340,182367.0
1746806400,182367.0
1746806460,205788.0
1746806520,220843.0
1746806580,221648.0
1746806640,225014.0
1746806700,187943.0
1746806760,132898.0
1746806820,173443.0
1746806880,145151.0
1746806940,113175.0
1746807000,138142.0
1746807060,223801.0
1746807120,166394.0
1746807180,158370.0
1746807240,128199.0
1746807300,152814.0
1746807360,174286.0
1746807420,182167.0
1746807480,191996.0
1746807540,149113.0
1746807600,175823.0
1746807660,132890.0
1746807720,150524.0
1746807780,162669.0
1746807840,158282.0
1746807900,204206.0
1746807960,180717.0
1746808020,98388.0
1746808080,205071.0
1746808140,132603.0
1746808200,87402.0
1746808260,156379.0
1746808320,143252.0
1746808380,228019.0
1746808440,205828.0
1746808500,161798.0
1746808560,180008.0
1746808620,139533.0
1746808680,126866.0
1746808740,231277.0
1746808800,231277.0
1746808860,172533.0
1746808920,135810.0
1746808980,152726.0
1746809040,184107.0
1746809100,208676.0
1746809160,208676.0
1746809220,190527.0
1746809280,190527.0
1746809340,216198.0
1746809400,140873.0
1746809460,212075.0
1746809520,127301.0
1746809580,92734.0
1746809640,185562.0
1746809700,125955.0
1746809760,87674.0
1746809820,168059.0
1746809880,127623.0
1746809940,180545.0
1746810000,181387.0
1746810060,181387.0
1746810120,222003.0
1746810180,77139.0
1746810240,156430.0
1746810300,144228.0
1746810360,214062.0
1746810420,186848.0
1746810480,54998.0
1746810540,209219.0
1746810600,96773.0
1746810660,215322.0
1746810720,215322.0
1746810780,174770.0
1746810840,198838.0
1746810900,168460.0
1746810960,201048.0
1746811020,143804.0
1746811080,205083.0
1746811140,179104.0
1746811200,140716.0
1746811260,142883.0
1746811320,82631.0
1746811380,167351.0
1746811440,219172.0
1746811500,185638.0
1746811560,176051.0
1746811620,180910.0
1746811680,199274.0
1746811740,130370.0
1746811800,187171.0
1746811860,176370.0
1746811920,169818.0
1746811980,105052.0
1746812040,131075.0
1746812100,138314.0
1746812160,160910.0
1746812220,142111.0
1746812280,176521.0
1746812340,176521.0
1746812400,208149.0
1746812460,208149.0
1746812520,178351.0
1746812580,104833.0
1746812640,132295.0
1746812700,187048.0
1746812760,131583.0
1746812820,131583.0
1746812880,198643.0
1746812940,106967.0
1746813000,159392.0
1746813060,169157.0
1746813120,141003.0
1746813180,141003.0
1746813240,115982.0
1746813300,213772.0
1746813360,186580.0
1746813420,186580.0
1746813480,221986.0
1746813540,221986.0
1746813600,137211.0
1746813660,137211.0
1746813720,161077.0
1746813780,156465.0
1746813840,103346.0
1746813900,87430.0
1746813960,147371.0
1746814020,199756.0
1746814080,126843.0
1746814140,191786.0
1746814200,191786.0
1746814260,209219.0
1746814320,209219.0
1746814380,140829.0
1746814440,140829.0
1746814500,196565.0
1746814560,196565.0
1746814620,216236.0
1746814680,196690.0
1746814740,196690.0
1746814800,155763.0
1746814860,2273.0
1746814920,144673.0
1746814980,122418.0
1746815040,207378.0
1746815100,207378.0
1746815160,202342.0
1746815220,202342.0
1746815280,168960.0
1746815340,168960.0
1746815400,175575.0
1746815460,135859.0
1746815520,155419.0
1746815580,176869.0
1746815640,153225.0
1746815700,146343.0
1746815760,218180.0
1746815820,167092.0
1746815880,139286.0
1746815940,165983.0
1746816000,225401.0
1746816060,225401.0
1746816120,208182.0
1746816180,135325.0
1746816240,157516.0
1746816300,238953.0
1746816360,96200.0
1746816420,179635.0
1746816480,179635.0
1746816540,199480.0
1746816600,138587.0
1746816660,166682.0
1746816720,171360.0
1746816780,104304.0
1746816840,127988.0
1746816900,180759.0
1746816960,149002.0
1746817020,160618.0
1746817080,214551.0
1746817140,136910.0
1746817200,151555.0
1746817260,185807.0
1746817320,167738.0
1746817380,172255.0
1746817440,159045.0
1746817500,135195.0
1746817560,121562.0
1746817620,120735.0
1746817680,130540.0
1746817740,137303.0
1746817800,97742.0
1746817860,219340.0
1746817920,136677.0
1746817980,168858.0
1746818040,167444.0
1746818100,80833.0
1746818160,212378.0
1746818220,161941.0
1746818280,184863.0
1746818340,218486.0
1746818400,157601.0
1746818460,115735.0
1746818520,187653.0
1746818580,131083.0
1746818640,205069.0
1746818700,78666.0
1746818760,91304.0
1746818820,176052.0
1746818880,150593.0
1746818940,192985.0
1746819000,145840.0
1746819060,192821.0
1746819120,192821.0
1746819180,217538.0
1746819240,217538.0
1746819300,184484.0
1746819360,182949.0
1746819420,148267.0
1746819480,155054.0
1746819540,160260.0
1746819600,143044.0
1746819660,110808.0
1746819720,145886.0
1746819780,146237.0
1746819840,159225.0
1746819900,140864.0
1746819960,191593.0
1746820020,145249.0
1746820080,135694.0
1746820140,178284.0
1746820200,166276.0
1746820260,166276.0
1746820320,174453.0
1746820380,201534.0
1746820440,146970.0
1746820500,117323.0
1746820560,155161.0
1746820620,217406.0
1746820680,157705.0
1746820740,180732.0
1746820800,202377.0
1746820860,74312.0
1746820920,193793.0
1746820980,192396.0
1746821040,183763.0
1746821100,195306.0
1746821160,94267.0
1746821220,143974.0
1746821280,106403.0
1746821340,176371.0
1746821400,182601.0
1746821460,105968.0
1746821520,215451.0
1746821580,128551.0
1746821640,144705.0
1746821700,148935.0
1746821760,137892.0
1746821820,176031.0
1746821880,155260.0
1746821940,172337.0
1746822000,142998.0
1746822060,142998.0
1746822120,213844.0
1746822180,213844.0
1746822240,181794.0
1746822300,181794.0
1746822360,185506.0
1746822420,185506.0
1746822480,198032.0
1746822540,98700.0
1746822600,200015.0
1746822660,156507.0
1746822720,205304.0
1746822780,205304.0
1746822840,144215.0
1746822900,144215.0
1746822960,158402.0
1746823020,158402.0
1746823080,172610.0
1746823140,212631.0
1746823200,195172.0
1746823260,126460.0
1746823320,201297.0
1746823380,203656.0
1746823440,203656.0
1746823500,152279.0
1746823560,144026.0
1746823620,166116.0
1746823680,80531.0
1746823740,208516.0
1746823800,151506.0
1746823860,212549.0
1746823920,191236.0
1746823980,103747.0
1746824040,209816.0
1746824100,104004.0
1746824160,186477.0
1746824220,197350.0
1746824280,217179.0
1746824340,209317.0
1746824400,214965.0
1746824460,128282.0
1746824520,201097.0
1746824580,201097.0
1746824640,156661.0
1746824700,135907.0
1746824760,193881.0
1746824820,253103.0
1746824880,129952.0
1746824940,144396.0
1746825000,165621.0
1746825060,204861.0
1746825120,212279.0
1746825180,155348.0
1746825240,164287.0
1746825300,135818.0
1746825360,187904.0
1746825420,211004.0
1746825480,194527.0
1746825540,202709.0
1746825600,183940.0
1746825660,114683.0
1746825720,119632.0
1746825780,181618.0
1746825840,180479.0
1746825900,204319.0
1746825960,176242.0
1746826020,136133.0
1746826080,204723.0
1746826140,204723.0
1746826200,212585.0
1746826260,212585.0
1746826320,124089.0
1746826380,124089.0
1746826440,244268.0
1746826500,244268.0
1746826560,152556.0
1746826620,199695.0
1746826680,219452.0
1746826740,144496.0
1746826800,203669.0
1746826860,175549.0
1746826920,165510.0
1746826980,212099.0
1746827040,175855.0
1746827100,137977.0
1746827160,145981.0
1746827220,200776.0
1746827280,126774.0
1746827340,193332.0
1746827400,193332.0
1746827460,182137.0
1746827520,12142.0
1746827580,165384.0
1746827640,165384.0
1746827700,196443.0
1746827760,196443.0
1746827820,168437.0
1746827880,168437.0
1746827940,206136.0
1746828000,119432.0
1746828060,148174.0
1746828120,195886.0
1746828180,167598.0
1746828240,143145.0
1746828300,98791.0
1746828360,192105.0
1746828420,158952.0
1746828480,154936.0
1746828540,122301.0
1746828600,203943.0
1746828660,156390.0
1746828720,154393.0
1746828780,173958.0
1746828840,192612.0
1746828900,209166.0
1746828960,149284.0
1746829020,200038.0
1746829080,137543.0
1746829140,207045.0
1746829200,140843.0
1746829260,194235.0
1746829320,156568.0
1746829380,107222.0
1746829440,99664.0
1746829500,144410.0
1746829560,174701.0
1746829620,182229.0
1746829680,159704.0
1746829740,138045.0
1746829800,179098.0
1746829860,170939.0
1746829920,148887.0
1746829980,185234.0
1746830040,132289.0
1746830100,207629.0
1746830160,207629.0
1746830220,197499.0
1746830280,197499.0
1746830340,213625.0
1746830400,213625.0
1746830460,165254.0
1746830520,150272.0
1746830580,158149.0
1746830640,94360.0
1746830700,267718.0
1746830760,197025.0
1746830820,151198.0
1746830880,150446.0
1746830940,134427.0
1746831000,206186.0
1746831060,190286.0
1746831120,147908.0
1746831180,225828.0
1746831240,169229.0
1746831300,98851.0
1746831360,177974.0
1746831420,182747.0
1746831480,130586.0
1746831540,166898.0
1746831600,166404.0
1746831660,160314.0
1746831720,158669.0
1746831780,168522.0
1746831840,110228.0
1746831900,137080.0
1746831960,144844.0
1746832020,144236.0
1746832080,153017.0
1746832140,157636.0
1746832200,197649.0
1746832260,140630.0
1746832320,184840.0
1746832380,142098.0
1746832440,135516.0
1746832500,215146.0
1746832560,215146.0
1746832620,215025.0
1746832680,215025.0
1746832740,213531.0
1746832800,213531.0
1746832860,134069.0
1746832920,134069.0
1746832980,212366.0
1746833040,141494.0
1746833100,195433.0
1746833160,151312.0
1746833220,104581.0
1746833280,192446.0
1746833340,180834.0
1746833400,149947.0
1746833460,154890.0
1746833520,137600.0
1746833580,175810.0
1746833640,189952.0
1746833700,200898.0
1746833760,136187.0
1746833820,139304.0
1746833880,184746.0
1746833940,152687.0
1746834000,185040.0
1746834060,200224.0
1746834120,188263.0
1746834180,143943.0
1746834240,202008.0
1746834300,174225.0
1746834360,146405.0
1746834420,219357.0
1746834480,206517.0
1746834540,158597.0
1746834600,191689.0
1746834660,210670.0
1746834720,289532.0
1746834780,217135.0
1746834840,126390.0
1746834900,145198.0
1746834960,145198.0
1746835020,188307.0
1746835080,142717.0
1746835140,137346.0
